[
  {
    "title": "1st Year",
    "url": "1year",
    "items": [
      {
        "title": "Anatomy",
        "id": "Anatomy",
        "total": 20
      },
      {
        "title": "Physiology",
        "id": "Physiology",
        "total": 25
      },
      {
        "title": "Physiology",
        "id": 3,
        "total": 18
      }
    ]
  },
  {
    "title": "2nd Year",
    "url": "2year",
    "items": [
      {
        "title": "Anatomy",
        "id": 1,
        "total": 20
      },
      {
        "title": "2Physiology",
        "id": 1,
        "total": 30
      },
      {
        "title": "2Physiology",
        "id": 1,
        "total": 18
      }
    ]
  },
  {
    "title": "3rd Year",
    "url": "year",
    "items": [
      {
        "title": "Anatomy",
        "id": 1,
        "total": 18
      },
      {
        "title": "Physiology",
        "id": 1,
        "total": 18
      }
    ]
  }
]
