[
  {
    "title": "Anatomy",
    "count": 20,
    "types": [
      {
        "title": "Upper Limb",
        "items": [
          {
            "title": "Muscles",
            "id": "1",
            "total": 20
          },
          {
            "title": "Brachial Plexus",
            "id": "1",
            "total": 20
          },
          {
            "title": "Bones & Joints",
            "id": "1",
            "total": 20
          },
          {
            "title": "Bones & Joints ",
            "id": "1",
            "total": 20
          }
        ]
      },
      {
        "title": "Lower Limb",
        "items": [
          {
            "title": "Muscles - Lower Limb",
            "id": "1",
            "total": 20
          },
          {
            "title": "Brachial Plexus",
            "id": "1",
            "total": 20
          },
          {
            "title": "Bones & Joints - Upper Limb",
            "id": "1",
            "total": 20
          },
          {
            "title": "Bones & Joints - Upper Limb",
            "id": "1",
            "total": 20
          }
        ]
      }
    ]
  }
]
