[
  {
    "id": "flash1",
    "question": "What are blood cells shaped like?",
    "answer": "Doughnut"
  },
  {
    "id": "flash2",
    "question": "what color is the sky?",
    "answer": "Blue"
  },
  {
    "id": "flash3",
    "question": "What color is a tree?",
    "answer": "Green"
  },
  {
    "id": "flash4",
    "question": "What color is the sun?",
    "answer": "Red"
  },
  {
    "id": "flash5",
    "question": "What color is a pumpkin?",
    "answer": "Red"
  }
]
