[
  {
    "title": "1st Year",
    "url": "1year",
    "items": [
      {
        "title": "Anatomy",
        "id": "Anatomy",
        "total": 18,
        "complete": 7,
        "average": 24
      },
      {
        "title": "Physiology",
        "id": "Physiology",
        "total": 18,
        "complete": 12,
        "average": 24
      },
      {
        "title": "Physiology",
        "id": 3,
        "total": 18,
        "complete": 16,
        "average": 24
      }
    ]
  },
  {
    "title": "2nd Year",
    "url": "2year",
    "items": [
      {
        "title": "Anatomy",
        "id": 1,
        "total": 18,
        "complete": 7,
        "average": 24
      },
      {
        "title": "2Physiology",
        "id": 1,
        "total": 18,
        "complete": 7,
        "average": 24
      },
      {
        "title": "2Physiology",
        "id": 1,
        "total": 18,
        "complete": 7,
        "average": 24
      }
    ]
  },
  {
    "title": "3rd Year",
    "url": "year",
    "items": [
      {
        "title": "Anatomy",
        "id": 1,
        "total": 18,
        "complete": 7,
        "average": 24
      },
      {
        "title": "Physiology",
        "id": 1,
        "total": 18,
        "complete": 7,
        "average": 24
      }
    ]
  }
]
