[
  {
    "title": "Muscles",
    "id": "mcqus1",
    "subtitle": "Upper Limb",
    "points": 350,
    "Time": 120,
    "questions": [
      {
        "title": "A 40 year old man takes an overdose of his antidepressant tablets and is seen in the Emergency Department. He is medically fit for discharge. He has bipolar affective disorder. He is tearful and feels hopeless about his future.Which is the most appropriate next management step?",
        "image": "https://www.shutterstock.com/shutterstock/photos/2133415743/display_1500/stock-photo-beautiful-aurora-borealis-over-spirit-island-with-female-traveler-on-canoe-at-jasper-national-park-2133415743.jpg",
        "answer": 1,
        "opt1": "Arrange liaison psychiatric assessment",
        "opt2": "Arrange liaison psychiatric assessment",
        "opt3": "black",
        "opt4": "White"
      }
    ]
  }
]
