[
  {
    "title": "Muscles",
    "subtitle": "Upper Limb",
    "points": 350,
    "questions": 10,
    "Time": 120,
    "lessons": [
      { "title": "Title 1" },
      { "title": "Title 2" },
      { "title": "Title 3" },
      { "title": "Title 4" },
      { "title": "Title 5" },
      { "title": "Title 6" },
      { "title": "Title 7" },
      { "title": "Title 8" },
      { "title": "Title 9" },
      { "title": "Title 10" },
      { "title": "Title 11" },
      { "title": "Title 12" },
      { "title": "Title 13" },
      { "title": "Title 14" },
      { "title": "Title 15" },
      { "title": "Title 16" }
    ]
  }
]
